"","name","usage","ID","Name","Form","Type1","Type2","Total","HP","Attack","Defense","Sp..Atk","Sp..Def","Speed","Generation"
"1","Abomasnow",0.658706153846154,460,"Abomasnow"," ","Grass","Ice",494,90,92,75,92,85,60,4
"2","Aipom",0.00187,190,"Aipom"," ","Normal"," ",360,55,70,55,40,55,85,2
"3","Alomomola",1.72712,594,"Alomomola"," ","Water"," ",470,165,75,80,40,45,65,5
"4","Altaria",0.251453846153846,334,"Altaria"," ","Dragon","Flying",490,75,70,90,70,105,80,3
"5","Ambipom",0.998876666666667,424,"Ambipom"," ","Normal"," ",482,75,100,66,60,66,115,4
"6","Amoonguss",7.65557461538461,591,"Amoonguss"," ","Grass","Poison",464,114,85,70,85,80,30,5
"7","Ampharos",0.123085384615385,181,"Ampharos"," ","Electric"," ",510,90,75,85,115,90,55,2
"8","Annihilape",11.55911,979,"Annihilape"," ","Fighting","Ghost",535,110,115,80,50,90,90,9
"9","Appletun",0.198845384615385,842,"Appletun"," ","Grass","Dragon",485,110,85,80,100,80,30,8
"10","Applin",0.00138538461538462,840,"Applin"," ","Grass","Dragon",260,40,40,80,40,40,20,8
"11","Arbok",0.21617,24,"Arbok"," ","Poison"," ",448,60,95,69,65,79,80,1
"12","Arboliva",1.07798076923077,930,"Arboliva"," ","Grass","Normal",510,78,69,90,125,109,39,9
"13","Arcanine",0.535225384615385,59,"Arcanine"," ","Fire"," ",555,90,110,80,100,80,95,1
"14","Arcanine-Hisui",3.17295857142857,58,"Growlithe","Hisuian Growlithe","Fire","Rock",350,60,75,45,65,50,55,8
"15","Arctibax",0.00477615384615385,997,"Arctibax"," ","Dragon","Ice",423,90,95,66,45,65,62,9
"16","Ariados",0.2611,168,"Ariados"," ","Bug","Poison",400,70,90,70,60,70,40,2
"17","Armarouge",2.58951307692308,936,"Armarouge"," ","Fire","Psychic",525,85,60,100,125,80,75,9
"18","Arrokuda",0.00051,846,"Arrokuda"," ","Water"," ",280,41,63,40,40,30,66,8
"19","Articuno",0.120047142857143,144,"Articuno"," ","Ice","Flying",580,90,85,100,95,125,85,1
"20","Articuno-Galar",0.502894285714286,144,"Articuno","Galarian Articuno","Psychic","Flying",580,90,85,85,125,100,95,8
"21","Avalugg",0.476105384615385,713,"Avalugg"," ","Ice"," ",514,95,117,184,44,46,28,6
"22","Avalugg-Hisui",0.341108571428571,58,"Growlithe","Hisuian Growlithe","Fire","Rock",350,60,75,45,65,50,55,8
"23","Axew",0.00174538461538462,610,"Axew"," ","Dragon"," ",320,46,87,60,30,40,57,5
"24","Azelf",0.793675714285714,482,"Azelf"," ","Psychic"," ",580,75,125,70,125,70,115,4
"25","Azumarill",5.21835692307692,184,"Azumarill"," ","Water","Fairy",420,100,50,80,60,80,50,2
"26","Azurill",0.00242461538461538,298,"Azurill"," ","Normal","Fairy",190,50,20,40,20,40,20,3
"27","Bagon",0.000973846153846154,371,"Bagon"," ","Dragon"," ",300,45,75,60,40,30,50,3
"28","Banette",0.0363346153846154,354,"Banette"," ","Ghost"," ",455,64,115,65,83,63,65,3
"29","Barboach",0.000418461538461538,339,"Barboach"," ","Water","Ground",288,50,48,43,46,41,60,3
"30","Barraskewda",1.03478769230769,847,"Barraskewda"," ","Water"," ",490,61,123,60,60,50,136,8
"31","Basculegion",2.08373285714286,902,"Basculegion","Male","Water","Ghost",530,120,112,65,80,75,78,8
"32","Basculegion-F",1.13660571428571,29,"Nidoran","Female","Poison"," ",275,55,47,52,40,40,41,1
"33","Basculin",0.0540361538461538,550,"Basculin","Red-Striped Form","Water"," ",460,70,92,65,80,55,98,5
"34","Baxcalibur",11.5488145454545,998,"Baxcalibur"," ","Dragon","Ice",600,115,145,92,75,86,87,9
"35","Beartic",0.147788461538462,614,"Beartic"," ","Ice"," ",505,95,130,80,70,80,50,5
"36","Bellibolt",0.610350769230769,939,"Bellibolt"," ","Electric"," ",495,109,64,91,103,83,45,9
"37","Bellsprout",0.00104666666666667,69,"Bellsprout"," ","Grass","Poison",300,50,75,35,70,30,40,1
"38","Bergmite",0.000849230769230769,712,"Bergmite"," ","Ice"," ",304,55,69,85,32,35,28,6
"39","Bisharp",0.429224615384615,625,"Bisharp"," ","Dark","Steel",490,65,125,100,60,70,70,5
"40","Blissey",2.11309384615385,242,"Blissey"," ","Normal"," ",540,255,10,10,75,135,55,2
"41","Bombirdier",0.189293846153846,962,"Bombirdier"," ","Flying","Dark",485,70,103,85,60,85,82,9
"42","Bonsly",0.00376846153846154,438,"Bonsly"," ","Rock"," ",290,50,80,95,10,45,10,4
"43","Bounsweet",0.000768461538461539,761,"Bounsweet"," ","Grass"," ",210,42,30,38,30,38,32,7
"44","Braixen",0.00422714285714286,654,"Braixen"," ","Fire"," ",409,59,59,58,90,70,73,6
"45","Brambleghast",0.50469,947,"Brambleghast"," ","Grass","Ghost",480,55,115,70,80,70,90,9
"46","Bramblin",0.00122769230769231,946,"Bramblin"," ","Grass","Ghost",275,40,65,30,45,35,60,9
"47","Braviary",0.110325384615385,628,"Braviary"," ","Normal","Flying",510,100,123,75,57,75,80,5
"48","Braviary-Hisui",1.32743857142857,58,"Growlithe","Hisuian Growlithe","Fire","Rock",350,60,75,45,65,50,55,8
"49","Breloom",5.75966461538462,286,"Breloom"," ","Grass","Fighting",460,60,130,80,60,60,70,3
"50","Bronzong",0.328123846153846,437,"Bronzong"," ","Steel","Psychic",500,67,89,116,79,116,33,4
"51","Bronzor",0.00255384615384615,436,"Bronzor"," ","Steel","Psychic",300,57,24,86,24,86,23,4
"52","Brute Bonnet",0.880623846153846,986,"Brute Bonnet"," ","Grass","Dark",570,111,127,99,79,99,55,9
"53","Bruxish",0.0668292307692308,779,"Bruxish"," ","Water","Psychic",475,68,105,70,70,70,92,7
"54","Buizel",0.00245538461538462,418,"Buizel"," ","Water"," ",330,55,65,35,60,30,85,4
"55","Cacnea",0.00114769230769231,331,"Cacnea"," ","Grass"," ",335,50,85,40,85,40,35,3
"56","Cacturne",0.0998438461538462,332,"Cacturne"," ","Grass","Dark",475,70,115,60,115,60,55,3
"57","Calyrex",0.0125228571428571,898,"Calyrex"," ","Psychic","Grass",500,100,80,80,80,80,80,8
"58","Camerupt",0.0581184615384615,323,"Camerupt"," ","Fire","Ground",460,70,100,70,105,75,40,3
"59","Capsakid",0.000839230769230769,951,"Capsakid"," ","Grass"," ",304,50,62,40,62,40,50,9
"60","Carbink",0.07566,703,"Carbink"," ","Rock","Fairy",500,50,50,150,50,150,50,6
"61","Carkol",0.00670769230769231,838,"Carkol"," ","Rock","Fire",410,80,60,90,60,70,50,8
"62","Ceruledge",7.20670384615385,937,"Ceruledge"," ","Fire","Ghost",525,75,125,80,60,100,85,9
"63","Cetitan",0.762296923076923,975,"Cetitan"," ","Ice"," ",521,170,113,65,45,55,73,9
"64","Cetoddle",0.00238461538461538,974,"Cetoddle"," ","Ice"," ",334,108,68,45,30,40,43,9
"65","Chandelure",1.90027333333333,609,"Chandelure"," ","Ghost","Fire",520,60,55,90,145,90,80,5
"66","Chansey",0.333136923076923,113,"Chansey"," ","Normal"," ",450,250,5,5,35,105,50,1
"67","Charcadet",0.00138,935,"Charcadet"," ","Fire"," ",255,40,50,40,50,40,35,9
"68","Charizard",0.816144166666667,6,"Charizard"," ","Fire","Flying",534,78,84,78,109,85,100,1
"69","Charjabug",0.01669,737,"Charjabug"," ","Bug","Electric",400,57,82,95,55,75,36,7
"70","Charmander",0.00238416666666667,4,"Charmander"," ","Fire"," ",309,39,52,43,60,50,65,1
"71","Charmeleon",0.00248583333333333,5,"Charmeleon"," ","Fire"," ",405,58,64,58,80,65,80,1
"72","Chesnaught",0.91873,652,"Chesnaught"," ","Grass","Fighting",530,88,107,122,74,75,64,6
"73","Chespin",0.00052,650,"Chespin"," ","Grass"," ",313,56,61,65,48,45,38,6
"74","Chewtle",0.000516923076923077,833,"Chewtle"," ","Water"," ",284,50,64,50,38,38,44,8
"1188","Chi-Yu",17.36195,1004,"Chi-Yu"," ","Dark","Fire",570,55,80,80,135,120,100,9
"1186","Chien-Pao",14.299655,1002,"Chien-Pao"," ","Dark","Ice",570,80,120,80,90,65,135,9
"110","Chimchar",0.000553333333333333,390,"Chimchar"," ","Fire"," ",309,44,58,44,58,44,61,4
"111","Chimecho",0.115836666666667,358,"Chimecho"," ","Psychic"," ",455,75,50,80,95,90,65,3
"112","Chingling",0.00108666666666667,433,"Chingling"," ","Psychic"," ",285,45,30,50,65,50,45,4
"113","Cinderace",11.02827,815,"Cinderace"," ","Fire"," ",530,80,116,75,65,75,119,8
"114","Clauncher",0.000525384615384615,692,"Clauncher"," ","Water"," ",330,50,53,62,58,63,44,6
"115","Clawitzer",0.194607692307692,693,"Clawitzer"," ","Water"," ",500,71,73,88,120,89,59,6
"116","Clefable",6.36976,36,"Clefable"," ","Fairy"," ",483,95,70,73,95,90,60,1
"117","Clefairy",0.01059,35,"Clefairy"," ","Fairy"," ",323,70,45,48,60,65,35,1
"118","Cleffa",0.00271,173,"Cleffa"," ","Fairy"," ",218,50,25,28,45,55,15,2
"119","Clodsire",10.1222376923077,980,"Clodsire"," ","Poison","Ground",430,130,75,60,45,100,20,9
"120","Cloyster",0.994220769230769,91,"Cloyster"," ","Water","Ice",525,50,95,180,85,45,70,1
"121","Coalossal",0.145425384615385,839,"Coalossal"," ","Rock","Fire",510,110,80,120,80,90,30,8
"122","Combee",0.000618333333333333,415,"Combee"," ","Bug","Flying",244,30,30,42,30,42,70,4
"123","Conkeldurr",1.52851333333333,534,"Conkeldurr"," ","Fighting"," ",505,105,140,95,55,65,45,5
"124","Copperajah",0.0575069230769231,879,"Copperajah"," ","Steel"," ",500,122,130,69,80,69,30,8
"125","Corphish",0.0051,341,"Corphish"," ","Water"," ",308,43,80,65,50,35,35,3
"126","Corviknight",15.2144438461538,823,"Corviknight"," ","Flying","Steel",495,98,87,105,53,85,67,8
"127","Corvisquire",0.00136846153846154,822,"Corvisquire"," ","Flying"," ",365,68,67,55,43,55,77,8
"128","Crabominable",0.0987246153846154,740,"Crabominable"," ","Fighting","Ice",478,97,132,77,62,67,43,7
"129","Crabrawler",0.000946153846153846,739,"Crabrawler"," ","Fighting"," ",338,47,82,57,42,47,63,7
"130","Cramorant",0.359976666666667,845,"Cramorant"," ","Flying","Water",475,70,85,55,85,95,85,8
"131","Crawdaunt",1.86281,342,"Crawdaunt"," ","Water","Dark",468,63,120,85,90,55,55,3
"132","Cresselia",3.08152857142857,488,"Cresselia"," ","Psychic"," ",580,120,70,110,75,120,85,4
"133","Croagunk",0.00114692307692308,453,"Croagunk"," ","Poison","Fighting",300,48,61,40,61,40,50,4
"134","Crocalor",0.0270138461538462,910,"Crocalor"," ","Fire"," ",411,81,55,78,90,58,49,9
"135","Cryogonal",0.220957692307692,615,"Cryogonal"," ","Ice"," ",515,80,50,50,95,135,105,5
"136","Cubchoo",0.000623846153846154,613,"Cubchoo"," ","Ice"," ",305,55,70,40,60,40,40,5
"137","Cufant",0.00103769230769231,878,"Cufant"," ","Steel"," ",330,72,80,49,40,49,40,8
"138","Cutiefly",0.00353,742,"Cutiefly"," ","Bug","Fairy",304,40,45,40,55,40,84,7
"139","Cyclizar",4.49527090909091,967,"Cyclizar"," ","Dragon","Normal",501,70,95,65,85,65,121,9
"140","Cyndaquil",0.0006975,155,"Cyndaquil"," ","Fire"," ",309,39,52,43,60,50,65,2
"141","Dachsbun",0.409726923076923,927,"Dachsbun"," ","Fairy"," ",477,57,80,115,50,80,95,9
"142","Dartrix",0.00327,723,"Dartrix"," ","Grass","Flying",420,78,75,75,70,70,52,7
"143","Decidueye",0.451191111111111,724,"Decidueye"," ","Grass","Ghost",530,78,107,75,100,100,70,7
"144","Decidueye-Hisui",0.930034285714286,58,"Growlithe","Hisuian Growlithe","Fire","Rock",350,60,75,45,65,50,55,8
"145","Dedenne",0.0430638461538462,702,"Dedenne"," ","Electric","Fairy",431,67,58,57,81,67,101,6
"146","Deerling",0.000431538461538462,585,"Deerling"," ","Normal","Grass",335,60,60,50,40,50,75,5
"147","Deino",0.000359230769230769,633,"Deino"," ","Dark","Dragon",300,52,65,50,45,50,38,5
"148","Delibird",0.0259523076923077,225,"Delibird"," ","Ice","Flying",330,45,55,45,65,45,75,2
"149","Delphox",0.34931,655,"Delphox"," ","Fire","Psychic",534,75,69,72,114,100,104,6
"150","Dewott",0.0020375,502,"Dewott"," ","Water"," ",413,75,75,60,83,60,60,5
"151","Diancie",0.424078571428571,719,"Diancie"," ","Rock","Fairy",600,50,100,150,100,150,50,6
"152","Diglett",0.00253538461538462,50,"Diglett"," ","Ground"," ",265,10,55,25,35,45,95,1
"153","Diglett-Alola",0.000317142857142857,50,"Diglett","Alolan Diglett","Ground","Steel",265,10,55,30,35,45,90,7
"154","Dipplin",0.710373333333333,1011,"Dipplin","","Grass","Dragon",485,80,80,110,95,80,40,9
"155","Ditto",1.67689538461538,132,"Ditto"," ","Normal"," ",288,48,48,48,48,48,48,1
"156","Dolliv",0.00328538461538462,929,"Dolliv"," ","Grass","Normal",354,52,53,60,78,78,33,9
"157","Dondozo",6.38580307692308,977,"Dondozo"," ","Water"," ",530,150,100,115,65,65,35,9
"158","Donphan",0.419357692307692,232,"Donphan"," ","Ground"," ",500,90,120,120,60,60,50,2
"159","Dragalge",0.237006153846154,691,"Dragalge"," ","Poison","Dragon",494,65,75,90,97,123,44,6
"160","Dragapult",18.4850761538462,887,"Dragapult"," ","Dragon","Ghost",600,88,120,75,100,75,142,8
"161","Dragonair",0.0108976923076923,148,"Dragonair"," ","Dragon"," ",420,61,84,65,70,70,70,1
"162","Dragonite",12.8586753846154,149,"Dragonite"," ","Dragon","Flying",600,91,134,95,100,100,80,1
"163","Drakloak",0.00335153846153846,886,"Drakloak"," ","Dragon","Ghost",410,68,80,50,60,50,102,8
"164","Dratini",0.000733846153846154,147,"Dratini"," ","Dragon"," ",300,41,64,45,50,50,50,1
"165","Drednaw",0.257946923076923,834,"Drednaw"," ","Water","Rock",485,90,115,90,48,68,74,8
"166","Dreepy",0.000315384615384615,885,"Dreepy"," ","Dragon","Ghost",270,28,60,30,40,30,82,8
"167","Drifblim",0.314006923076923,426,"Drifblim"," ","Ghost","Flying",498,150,80,44,90,54,80,4
"168","Drifloon",0.00530230769230769,425,"Drifloon"," ","Ghost","Flying",348,90,50,34,60,44,70,4
"169","Drizzile",0.000263333333333333,817,"Drizzile"," ","Water"," ",420,65,60,55,95,55,90,8
"170","Drowzee",0.00138461538461538,96,"Drowzee"," ","Psychic"," ",328,60,48,45,43,90,42,1
"171","Ducklett",0.00238666666666667,580,"Ducklett"," ","Water","Flying",305,62,44,50,44,50,55,5
"172","Dudunsparce",0.389510769230769,982,"Dudunsparce","Two-Segment Form","Normal"," ",520,125,100,80,85,75,55,9
"173","Dugtrio",0.0851815384615385,51,"Dugtrio"," ","Ground"," ",425,35,100,50,50,70,120,1
"174","Dugtrio-Alola",0.0743728571428571,51,"Dugtrio","Alolan Dugtrio","Ground","Steel",425,35,100,60,50,70,110,7
"175","Dunsparce",0.0824038461538461,206,"Dunsparce"," ","Normal"," ",415,100,70,70,65,65,45,2
"176","Dusclops",0.22,356,"Dusclops"," ","Ghost"," ",455,40,70,130,60,130,25,3
"177","Dusknoir",0.277696666666667,477,"Dusknoir"," ","Ghost"," ",525,45,100,135,65,135,45,4
"178","Duskull",0.00226333333333333,355,"Duskull"," ","Ghost"," ",295,20,40,90,30,90,25,3
"179","Eelektrik",0.00258769230769231,603,"Eelektrik"," ","Electric"," ",405,65,85,70,75,70,40,5
"180","Eelektross",0.284288461538462,604,"Eelektross"," ","Electric"," ",515,85,115,80,105,80,50,5
"181","Eevee",0.0103223076923077,133,"Eevee"," ","Normal"," ",325,55,55,50,45,65,55,1
"182","Eiscue",0.165197692307692,875,"Eiscue","Ice Face","Ice"," ",470,75,80,110,65,90,50,8
"183","Ekans",0.00176,23,"Ekans"," ","Poison"," ",288,35,60,44,40,54,55,1
"184","Electrode",0.103244615384615,101,"Electrode"," ","Electric"," ",490,60,50,70,80,80,150,1
"185","Electrode-Hisui",0.932762857142857,58,"Growlithe","Hisuian Growlithe","Fire","Rock",350,60,75,45,65,50,55,8
"186","Empoleon",4.92444666666667,395,"Empoleon"," ","Water","Steel",530,84,86,88,111,101,60,4
"187","Enamorus",9.45549857142857,905,"Enamorus","Incarnate Forme","Fairy","Flying",580,74,115,70,135,80,106,8
"188","Enamorus-Therian",1.51379285714286,641,"Tornadus","Therian Forme","Flying"," ",580,79,100,80,110,90,121,5
"189","Espathra",5.86529,956,"Espathra"," ","Psychic"," ",481,95,60,60,101,60,105,9
"190","Espeon",1.22033923076923,196,"Espeon"," ","Psychic"," ",525,65,65,60,130,95,110,2
"191","Falinks",0.0583215384615385,870,"Falinks"," ","Fighting"," ",470,65,100,100,70,60,75,8
"192","Farigiraf",0.322323076923077,981,"Farigiraf"," ","Normal","Psychic",520,120,90,70,110,70,60,9
"193","Feebas",0.000893333333333333,349,"Feebas"," ","Water"," ",200,20,15,20,10,55,80,3
"194","Fennekin",0.000506666666666667,653,"Fennekin"," ","Fire"," ",307,40,45,40,62,60,60,6
"195","Fezandipiti",1.51457,1016,"Fezandipiti","","Poison","Fairy",555,88,91,82,70,125,99,9
"196","Fidough",0.00107923076923077,926,"Fidough"," ","Fairy"," ",312,37,55,70,30,55,65,9
"197","Finizen",0.00252538461538462,963,"Finizen"," ","Water"," ",315,70,45,40,45,40,75,9
"198","Finneon",0.000479230769230769,456,"Finneon"," ","Water"," ",330,49,49,56,49,61,66,4
"199","Flaaffy",0.00142307692307692,180,"Flaaffy"," ","Electric"," ",365,70,55,55,80,60,45,2
"744","Flabebe",0.000775384615384615,669,"Flabébé"," ","Fairy"," ",303,44,38,39,61,79,42,6
"1100","Flamigo",0.392227692307692,973,"Flamigo"," ","Flying","Fighting",500,82,115,74,75,64,90,9
"1101","Flapple",0.0569915384615385,841,"Flapple"," ","Grass","Dragon",485,70,110,80,95,60,70,8
"1102","Flareon",0.109628461538462,136,"Flareon"," ","Fire"," ",525,65,130,60,95,110,65,1
"1103","Fletchinder",0.00319230769230769,662,"Fletchinder"," ","Fire","Flying",382,62,73,55,56,52,84,6
"1104","Fletchling",0.00114692307692308,661,"Fletchling"," ","Normal","Flying",278,45,50,43,40,38,62,6
"1105","Flittle",0.01086,955,"Flittle"," ","Psychic"," ",255,30,35,30,55,30,75,9
"1106","Floatzel",1.36318615384615,419,"Floatzel"," ","Water"," ",495,85,105,55,85,50,115,4
"1107","Floette",0.00145769230769231,670,"Floette"," ","Fairy"," ",371,54,45,47,75,98,52,6
"1108","Floragato",0.00542923076923077,907,"Floragato"," ","Grass"," ",410,61,80,63,60,63,83,9
"1109","Florges",0.302173076923077,671,"Florges"," ","Fairy"," ",552,78,65,68,112,154,75,6
"1110","Flutter Mane",11.4282,987,"Flutter Mane"," ","Ghost","Fairy",570,55,55,55,135,135,135,9
"1111","Fomantis",0.000310769230769231,753,"Fomantis"," ","Grass"," ",250,40,55,35,50,35,35,7
"1112","Foongus",0.00213384615384615,590,"Foongus"," ","Grass","Poison",294,69,55,45,55,55,15,5
"1113","Forretress",0.865539230769231,205,"Forretress"," ","Bug","Steel",465,75,90,140,60,60,40,2
"1114","Fraxure",0.00364769230769231,611,"Fraxure"," ","Dragon"," ",410,66,117,70,40,50,67,5
"1115","Frigibax",0.000663846153846154,996,"Frigibax"," ","Dragon","Ice",320,65,75,45,35,45,55,9
"1116","Froakie",0.00119090909090909,656,"Froakie"," ","Water"," ",314,41,56,40,62,44,71,6
"1117","Frogadier",0.00622090909090909,657,"Frogadier"," ","Water"," ",405,54,63,52,83,56,97,6
"1118","Froslass",0.21786,478,"Froslass"," ","Ice","Ghost",480,70,80,70,80,70,110,4
"1119","Frosmoth",0.494006153846154,873,"Frosmoth"," ","Ice","Bug",475,70,65,60,125,90,65,8
"1120","Fuecoco",0.00475615384615385,909,"Fuecoco"," ","Fire"," ",310,67,45,59,63,40,36,9
"1121","Furret",0.235273333333333,162,"Furret"," ","Normal"," ",415,85,76,64,45,55,90,2
"1122","Gabite",0.00458384615384615,444,"Gabite"," ","Dragon","Ground",410,68,90,65,50,55,82,4
"1123","Gallade",1.03161846153846,475,"Gallade"," ","Psychic","Fighting",518,68,125,65,65,115,80,4
"1124","Garchomp",8.06548923076923,445,"Garchomp"," ","Dragon","Ground",600,108,130,95,80,85,102,4
"1125","Gardevoir",0.696486153846154,282,"Gardevoir"," ","Psychic","Fairy",518,68,65,65,125,115,80,3
"1126","Garganacl",10.9050161538462,934,"Garganacl"," ","Rock"," ",500,100,100,130,45,90,35,9
"1127","Gastly",0.00533230769230769,92,"Gastly"," ","Ghost","Poison",310,30,35,30,100,35,80,1
"1128","Gastrodon",1.06547846153846,423,"Gastrodon"," ","Water","Ground",475,111,83,68,92,82,39,4
"1129","Gengar",1.40798076923077,94,"Gengar"," ","Ghost","Poison",500,60,65,60,130,75,110,1
"1130","Geodude",0.00866,74,"Geodude"," ","Rock","Ground",300,40,80,100,30,30,20,1
"1131","Geodude-Alola",0.00408666666666667,74,"Geodude","Alolan Geodude","Rock","Electric",300,40,80,100,30,30,20,7
"1132","Gholdengo",25.0560438461538,1000,"Gholdengo"," ","Steel","Ghost",550,87,60,95,133,91,84,9
"1133","Gible",0.00105461538461538,443,"Gible"," ","Dragon","Ground",300,58,70,45,40,45,42,4
"1134","Gimmighoul",0.00204769230769231,999,"Gimmighoul","Chest Form","Ghost"," ",300,45,30,70,75,70,10,9
"1135","Gimmighoul-Roaming",0.000698571428571429,999,"Gimmighoul","Roaming Form","Ghost"," ",300,45,30,25,75,45,80,9
"1136","Girafarig",0.0221038461538462,203,"Girafarig"," ","Normal","Psychic",455,70,80,65,90,65,85,2
"1137","Glaceon",0.213033846153846,471,"Glaceon"," ","Ice"," ",525,65,60,110,130,95,65,4
"1138","Glalie",0.0128807692307692,362,"Glalie"," ","Ice"," ",480,80,80,80,80,80,80,3
"1139","Glastrier",0.470477142857143,896,"Glastrier"," ","Ice"," ",580,100,145,130,65,110,30,8
"1140","Gligar",0.0447466666666667,207,"Gligar"," ","Ground","Flying",430,65,75,105,35,65,85,2
"1141","Glimmet",0.00924923076923077,969,"Glimmet"," ","Rock","Poison",350,48,35,42,105,60,60,9
"1142","Glimmora",11.8895261538462,970,"Glimmora"," ","Rock","Poison",525,83,55,90,130,81,86,9
"1143","Gliscor",14.08163,472,"Gliscor"," ","Ground","Flying",510,75,95,125,45,75,95,4
"1144","Gogoat",0.0927230769230769,673,"Gogoat"," ","Grass"," ",531,123,100,62,97,81,68,6
"1145","Golduck",0.226782307692308,55,"Golduck"," ","Water"," ",500,80,82,78,95,80,85,1
"1146","Golem",0.164096666666667,76,"Golem"," ","Rock","Ground",495,80,120,130,55,65,45,1
"1147","Golem-Alola",0.33104,76,"Golem","Alolan Golem","Rock","Electric",495,80,120,130,55,65,45,7
"1148","Goodra",0.619546923076923,706,"Goodra"," ","Dragon"," ",600,90,100,70,110,150,80,6
"1149","Goodra-Hisui",3.04302,58,"Growlithe","Hisuian Growlithe","Fire","Rock",350,60,75,45,65,50,55,8
"1150","Goomy",0.000642307692307692,704,"Goomy"," ","Dragon"," ",300,45,50,35,55,75,40,6
"1151","Gothita",0.000919230769230769,574,"Gothita"," ","Psychic"," ",290,45,30,50,55,65,45,5
"1152","Gothitelle",0.0292815384615385,576,"Gothitelle"," ","Psychic"," ",490,70,55,95,95,110,65,5
"1153","Gothorita",0.00148230769230769,575,"Gothorita"," ","Psychic"," ",390,60,45,70,75,85,55,5
"1154","Grafaiai",0.781550769230769,945,"Grafaiai"," ","Poison","Normal",485,63,95,65,80,72,110,9
"1155","Graveler",0.00372333333333333,75,"Graveler"," ","Rock","Ground",390,55,95,115,45,45,35,1
"1156","Graveler-Alola",0.00304,75,"Graveler","Alolan Graveler","Rock","Electric",390,55,95,115,45,45,35,7
"1157","Great Tusk",34.3458461538462,984,"Great Tusk"," ","Ground","Fighting",570,115,131,131,53,53,87,9
"1158","Greavard",0.00338846153846154,971,"Greavard"," ","Ghost"," ",290,50,61,60,30,55,34,9
"1159","Greedent",0.0393392307692308,820,"Greedent"," ","Normal"," ",460,120,95,95,55,75,20,8
"1160","Greninja",6.73230818181818,658,"Greninja"," ","Water","Dark",530,72,95,67,103,71,122,6
"1161","Grimer",0.000600769230769231,88,"Grimer"," ","Poison"," ",325,80,80,50,40,50,25,1
"1162","Grimer-Alola",0.00087,88,"Grimer","Alolan Grimer","Poison","Dark",325,80,80,50,40,50,25,7
"1163","Grimmsnarl",4.38263461538462,861,"Grimmsnarl"," ","Dark","Fairy",510,95,120,65,95,75,60,8
"1164","Grookey",0.00145666666666667,810,"Grookey"," ","Grass"," ",310,50,65,50,40,40,65,8
"1165","Grotle",0.00330333333333333,388,"Grotle"," ","Grass"," ",405,75,89,85,55,65,36,4
"1166","Growlithe",0.00171461538461538,58,"Growlithe"," ","Fire"," ",350,55,70,45,70,50,60,1
"1167","Growlithe-Hisui",0.00118571428571429,58,"Growlithe","Hisuian Growlithe","Fire","Rock",350,60,75,45,65,50,55,8
"1168","Grubbin",0.000916666666666667,736,"Grubbin"," ","Bug"," ",300,47,62,45,55,45,46,7
"1169","Grumpig",0.0185338461538462,326,"Grumpig"," ","Psychic"," ",470,80,45,65,90,110,80,3
"1170","Gulpin",0.00101307692307692,316,"Gulpin"," ","Poison"," ",302,70,43,53,43,53,40,3
"1171","Gumshoos",0.0267492307692308,735,"Gumshoos"," ","Normal"," ",418,88,110,60,55,60,45,7
"1172","Gurdurr",0.01609,533,"Gurdurr"," ","Fighting"," ",405,85,105,85,40,50,40,5
"1173","Gyarados",1.19255076923077,130,"Gyarados"," ","Water","Flying",540,95,125,79,60,100,81,1
"1174","Hakamo-o",0.00166333333333333,351,"Castform","Sunny Form","Fire"," ",420,70,70,70,70,70,70,3
"1175","Happiny",0.00115615384615385,440,"Happiny"," ","Normal"," ",220,100,5,5,15,65,30,4
"1176","Hariyama",0.182903846153846,297,"Hariyama"," ","Fighting"," ",474,144,120,60,40,60,50,3
"1177","Hatenna",0.00378230769230769,856,"Hatenna"," ","Psychic"," ",265,42,30,45,56,53,39,8
"1178","Hatterene",9.50717,858,"Hatterene"," ","Psychic","Fairy",510,57,90,95,136,103,29,8
"1179","Hattrem",0.0336776923076923,857,"Hattrem"," ","Psychic"," ",370,57,40,65,86,73,49,8
"1180","Haunter",0.0430338461538462,93,"Haunter"," ","Ghost","Poison",405,45,50,45,115,55,95,1
"1181","Hawlucha",0.975220769230769,701,"Hawlucha"," ","Fighting","Flying",500,78,92,75,74,63,118,6
"1182","Haxorus",0.960386923076923,612,"Haxorus"," ","Dragon"," ",540,76,147,90,60,70,97,5
"1183","Heatran",6.79208714285714,485,"Heatran"," ","Fire","Steel",600,91,90,106,130,106,77,4
"1184","Heracross",0.303196153846154,214,"Heracross"," ","Bug","Fighting",500,80,125,75,40,95,85,2
"1185","Hippopotas",0.00323538461538462,449,"Hippopotas"," ","Ground"," ",330,68,72,78,38,42,32,4
"1187","Hippowdon",0.471616153846154,450,"Hippowdon"," ","Ground"," ",525,108,112,118,68,72,47,4
"1189","Honchkrow",0.135856923076923,430,"Honchkrow"," ","Dark","Flying",505,100,125,52,105,52,71,4
"1190","Hoopa",0.0832342857142857,720,"Hoopa","Hoopa Confined","Psychic","Ghost",600,80,110,60,150,130,70,6
"1191","Hoopa-Unbound",3.41402,720,"Hoopa","Hoopa Unbound","Psychic","Dark",680,80,160,60,170,130,80,6
"1192","Hoothoot",0.000645,163,"Hoothoot"," ","Normal","Flying",262,60,30,30,36,56,50,2
"1193","Hoppip",0.00121230769230769,187,"Hoppip"," ","Grass","Flying",250,35,35,40,35,55,50,2
"1194","Houndoom",0.147256923076923,229,"Houndoom"," ","Dark","Fire",500,75,90,50,110,80,95,2
"1195","Houndour",0.00107,228,"Houndour"," ","Dark","Fire",330,45,60,30,80,50,65,2
"1196","Houndstone",0.6401175,972,"Houndstone"," ","Ghost"," ",488,72,101,100,50,97,68,9
"1197","Hydreigon",2.69769769230769,635,"Hydreigon"," ","Dark","Dragon",600,92,105,90,125,90,98,5
"1198","Hypno",0.0270930769230769,97,"Hypno"," ","Psychic"," ",483,85,73,70,73,115,67,1
"1199","Igglybuff",0.00132076923076923,174,"Igglybuff"," ","Normal","Fairy",210,90,30,15,40,20,15,2
"1200","Illumise",0.10294,314,"Illumise"," ","Bug"," ",430,65,47,75,73,85,85,3
"1201","Impidimp",0.00154076923076923,859,"Impidimp"," ","Dark","Fairy",265,45,45,30,55,40,50,8
"1202","Indeedee",1.06347538461538,876,"Indeedee","Male","Psychic","Normal",475,60,65,55,105,95,95,8
"1203","Indeedee-F",0.241299230769231,29,"Nidoran","Female","Poison"," ",275,55,47,52,40,40,41,1
"1204","Infernape",1.96112,392,"Infernape"," ","Fire","Fighting",534,76,104,71,104,71,108,4
"1205","Inteleon",0.61500375,818,"Inteleon"," ","Water"," ",530,70,85,65,125,65,120,8
"1206","Iron Bundle",9.53208,991,"Iron Bundle"," ","Ice","Water",570,56,80,114,124,60,136,9
"1207","Iron Hands",2.82375153846154,992,"Iron Hands"," ","Fighting","Electric",570,154,140,108,50,68,50,9
"1208","Iron Jugulis",1.08457153846154,993,"Iron Jugulis"," ","Dark","Flying",570,94,80,86,122,80,108,9
"1209","Iron Leaves",1.070067,1010,"Iron Leaves"," ","Grass","Psychic",590,90,130,88,70,108,104,9
"1210","Iron Moth",9.81563461538462,994,"Iron Moth"," ","Fire","Poison",570,80,70,60,140,110,110,9
"1211","Iron Thorns",0.551998461538462,995,"Iron Thorns"," ","Rock","Electric",570,100,134,110,70,84,72,9
"1212","Iron Treads",5.75419384615385,990,"Iron Treads"," ","Ground","Steel",570,90,112,120,72,70,106,9
"1213","Iron Valiant",19.6870530769231,1006,"Iron Valiant"," ","Fairy","Fighting",590,74,130,90,120,60,116,9
"1214","Jangmo-o",0.000386666666666667,351,"Castform","Sunny Form","Fire"," ",420,70,70,70,70,70,70,3
"1215","Jigglypuff",0.00482,39,"Jigglypuff"," ","Normal","Fairy",270,115,45,20,45,25,20,1
"1216","Jirachi",1.57629333333333,385,"Jirachi"," ","Steel","Psychic",600,100,100,100,100,100,100,3
"1217","Jolteon",0.536463076923077,135,"Jolteon"," ","Electric"," ",525,65,65,60,110,95,130,1
"1218","Jumpluff",0.104827692307692,189,"Jumpluff"," ","Grass","Flying",460,75,55,70,55,95,110,2
"1219","Kilowattrel",1.48294769230769,941,"Kilowattrel"," ","Electric","Flying",490,70,70,60,105,60,125,9
"1220","Kingambit",21.3806469230769,983,"Kingambit"," ","Dark","Steel",550,100,135,120,60,85,50,9
"1221","Kirlia",0.00257461538461538,281,"Kirlia"," ","Psychic","Fairy",278,38,35,35,65,55,50,3
"1222","Klawf",0.184779230769231,950,"Klawf"," ","Rock"," ",450,70,100,115,35,55,75,9
"1223","Kleavor",2.05465142857143,900,"Kleavor"," ","Bug","Rock",500,70,130,95,45,75,85,8
"1224","Klefki",0.473014615384615,707,"Klefki"," ","Steel","Fairy",470,57,80,91,80,87,75,6
"1225","Koffing",0.00470333333333333,109,"Koffing"," ","Poison"," ",340,40,65,95,60,45,35,1
"1226","Komala",0.107446153846154,775,"Komala"," ","Normal"," ",480,65,115,65,75,95,65,7
"1227","Kommo-o",3.82672666666667,351,"Castform","Sunny Form","Fire"," ",420,70,70,70,70,70,70,3
"1228","Kricketot",0.000650769230769231,401,"Kricketot"," ","Bug"," ",194,37,25,41,25,41,25,4
"1229","Kricketune",0.0552569230769231,402,"Kricketune"," ","Bug"," ",384,77,85,51,55,51,65,4
"1230","Krokorok",0.00207,552,"Krokorok"," ","Ground","Dark",351,60,82,45,45,45,74,5
"1231","Krookodile",0.307769230769231,553,"Krookodile"," ","Ground","Dark",519,95,117,80,65,70,92,5
"1232","Kubfu",0.00136,891,"Kubfu"," ","Fighting"," ",385,60,90,60,53,50,72,8
"1233","Lampent",0.00208666666666667,608,"Lampent"," ","Ghost","Fire",370,60,40,60,95,60,55,5
"1234","Landorus-Therian",8.85433142857143,641,"Tornadus","Therian Forme","Flying"," ",580,79,100,80,110,90,121,5
"1235","Larvesta",0.00180307692307692,636,"Larvesta"," ","Bug","Fire",360,55,85,55,50,55,60,5
"1236","Larvitar",0.00147615384615385,246,"Larvitar"," ","Rock","Ground",300,50,64,50,45,50,41,2
"1237","Leafeon",0.185305384615385,470,"Leafeon"," ","Grass"," ",525,65,110,130,60,65,95,4
"1238","Leavanny",0.26922,542,"Leavanny"," ","Bug","Grass",500,75,103,80,70,80,92,5
"1239","Lechonk",0.00795076923076923,915,"Lechonk"," ","Normal"," ",254,54,45,40,35,45,35,9
"1240","Lilligant",0.174571538461538,549,"Lilligant"," ","Grass"," ",480,70,60,75,110,75,90,5
"1241","Lilligant-Hisui",2.80651571428571,58,"Growlithe","Hisuian Growlithe","Fire","Rock",350,60,75,45,65,50,55,8
"1242","Litleo",0.000703076923076923,667,"Litleo"," ","Fire","Normal",369,62,50,58,73,54,72,6
"1243","Litwick",0.0023,607,"Litwick"," ","Ghost","Fire",275,50,30,55,65,55,20,5
"1244","Lokix",2.11960692307692,920,"Lokix"," ","Bug","Dark",450,71,102,78,52,55,92,9
"1245","Lombre",9e-04,271,"Lombre"," ","Water","Grass",340,60,50,50,60,70,50,3
"1246","Lotad",0.000456666666666667,270,"Lotad"," ","Water","Grass",220,40,30,30,40,50,30,3
"1247","Lucario",0.699063846153846,448,"Lucario"," ","Fighting","Steel",525,70,110,70,115,70,90,4
"1248","Ludicolo",0.335276666666667,272,"Ludicolo"," ","Water","Grass",480,80,70,70,90,100,70,3
"1249","Lumineon",0.0251284615384615,457,"Lumineon"," ","Water"," ",460,69,69,76,69,86,91,4
"1250","Lurantis",0.127692307692308,754,"Lurantis"," ","Grass"," ",480,70,105,90,80,90,45,7
"1251","Luvdisc",0.00736461538461538,370,"Luvdisc"," ","Water"," ",330,43,30,55,40,65,97,3
"1252","Luxio",0.000646923076923077,404,"Luxio"," ","Electric"," ",363,60,85,49,60,49,60,4
"1253","Luxray",0.110470769230769,405,"Luxray"," ","Electric"," ",523,80,120,79,95,79,70,4
"1254","Lycanroc",0.174035384615385,745,"Lycanroc","Midday Form","Rock"," ",487,75,115,65,55,65,112,7
"1255","Lycanroc-Dusk",0.400026153846154,745,"Lycanroc","Dusk Form","Rock"," ",487,75,117,65,55,65,110,7
"1256","Lycanroc-Midnight",0.0534923076923077,745,"Lycanroc","Midnight Form","Rock"," ",487,85,115,75,55,75,82,7
"1257","Mabosstiff",0.178491538461538,943,"Mabosstiff"," ","Dark"," ",505,80,120,90,60,70,85,9
"1258","Magcargo",0.13551,219,"Magcargo"," ","Fire","Rock",430,60,50,120,90,80,30,2
"1259","Magearna",6.047485,801,"Magearna"," ","Steel","Fairy",600,80,95,115,130,115,65,7
"1260","Magikarp",0.00580846153846154,129,"Magikarp"," ","Water"," ",200,20,10,55,15,20,80,1
"1261","Magnemite",0.00897923076923077,81,"Magnemite"," ","Electric","Steel",325,25,35,70,95,55,45,1
"1262","Magneton",0.0551061538461538,82,"Magneton"," ","Electric","Steel",465,50,60,95,120,70,70,1
"1263","Magnezone",1.54604153846154,462,"Magnezone"," ","Electric","Steel",535,70,70,115,130,90,60,4
"1264","Makuhita",0.000666153846153846,296,"Makuhita"," ","Fighting"," ",237,72,60,30,20,30,25,3
"1265","Mamoswine",1.69498666666667,473,"Mamoswine"," ","Ice","Ground",530,110,130,80,70,60,80,4
"1266","Manaphy",6.81898,490,"Manaphy"," ","Water"," ",600,100,100,100,100,100,100,4
"1267","Mandibuzz",2.67041,630,"Mandibuzz"," ","Dark","Flying",510,110,65,105,55,95,80,5
"1268","Mankey",0.00123153846153846,56,"Mankey"," ","Fighting"," ",305,40,80,35,35,45,70,1
"1269","Mareanie",0.00205076923076923,747,"Mareanie"," ","Poison","Water",305,50,53,62,43,52,45,7
"1270","Mareep",0.00125923076923077,179,"Mareep"," ","Electric"," ",280,55,40,40,65,45,35,2
"1271","Marill",0.00277461538461538,183,"Marill"," ","Water","Fairy",250,70,20,50,20,50,40,2
"1272","Maschiff",0.00119230769230769,942,"Maschiff"," ","Dark"," ",340,60,78,60,40,51,51,9
"1273","Masquerain",1.31710846153846,284,"Masquerain"," ","Bug","Flying",454,70,60,62,100,82,80,3
"1274","Maushold",3.38909384615385,925,"Maushold","Family of Four","Normal"," ",470,74,75,70,65,75,111,9
"1275","Medicham",0.125036153846154,308,"Medicham"," ","Fighting","Psychic",410,60,60,75,60,75,80,3
"1276","Meditite",0.00153461538461538,307,"Meditite"," ","Fighting","Psychic",280,30,40,55,40,55,60,3
"1277","Meloetta",0.288487142857143,648,"Meloetta","Aria Forme","Normal","Psychic",600,100,77,77,128,128,90,5
"1278","Meowscarada",10.7803946153846,908,"Meowscarada"," ","Grass","Dark",530,76,110,70,81,70,123,9
"1279","Meowth",0.00223615384615385,52,"Meowth"," ","Normal"," ",290,40,45,35,40,40,90,1
"1280","Meowth-Alola",0.000325,52,"Meowth","Alolan Meowth","Dark"," ",290,40,35,35,50,40,90,7
"1281","Meowth-Galar",0.000673846153846154,52,"Meowth","Galarian Meowth","Steel"," ",290,50,65,55,40,40,40,8
"1282","Mesprit",0.0558842857142857,481,"Mesprit"," ","Psychic"," ",580,80,105,105,105,105,80,4
"1283","Mew",0.878978571428571,151,"Mew"," ","Psychic"," ",600,100,100,100,100,100,100,1
"1284","Mienfoo",0.000686666666666667,619,"Mienfoo"," ","Fighting"," ",350,45,85,50,55,50,65,5
"1285","Mienshao",0.576253333333333,620,"Mienshao"," ","Fighting"," ",510,65,125,60,95,60,105,5
"1286","Mightyena",0.0585566666666667,262,"Mightyena"," ","Dark"," ",420,70,90,70,60,60,70,3
"1287","Milotic",1.73481666666667,350,"Milotic"," ","Water"," ",540,95,60,79,100,125,81,3
"1288","Mimikyu",1.18486230769231,778,"Mimikyu"," ","Ghost","Fairy",476,55,90,80,50,105,96,7
"1289","Misdreavus",0.0287323076923077,200,"Misdreavus"," ","Ghost"," ",435,60,60,60,85,85,85,2
"1290","Mismagius",0.229783076923077,429,"Mismagius"," ","Ghost"," ",495,60,60,60,105,105,105,4
"1291","Moltres",2.67868714285714,146,"Moltres"," ","Fire","Flying",580,90,100,90,125,85,90,1
"1292","Moltres-Galar",0.92044,146,"Moltres","Galarian Moltres","Dark","Flying",580,90,85,90,100,125,90,8
"1293","Monferno",0.00168333333333333,391,"Monferno"," ","Fire","Fighting",405,64,78,52,78,52,81,4
"1294","Morgrem",0.00755384615384615,860,"Morgrem"," ","Dark","Fairy",370,65,60,45,75,55,70,8
"1295","Morpeko",0.274693333333333,877,"Morpeko","Full Belly Mode","Electric","Dark",436,58,95,58,70,58,97,8
"1296","Mudbray",0.00405923076923077,749,"Mudbray"," ","Ground"," ",385,70,100,70,45,55,45,7
"1297","Mudsdale",0.151626153846154,750,"Mudsdale"," ","Ground"," ",500,100,125,100,55,85,35,7
"1298","Muk",0.106875384615385,89,"Muk"," ","Poison"," ",500,105,105,75,65,100,50,1
"1299","Muk-Alola",1.00136428571429,89,"Muk","Alolan Muk","Poison","Dark",500,105,105,75,65,100,50,7
"1300","Munchlax",0.00731,446,"Munchlax"," ","Normal"," ",390,135,85,40,40,85,5,4
"1301","Munkidori",2.20968333333333,1015,"Munkidori","","Poison","Psychic",555,88,75,66,130,90,106,9
"1302","Murkrow",0.127256923076923,198,"Murkrow"," ","Dark","Flying",405,60,85,42,85,42,91,2
"1303","Nacli",0.00152846153846154,932,"Nacli"," ","Rock"," ",280,55,55,75,35,35,25,9
"1304","Naclstack",0.0393338461538462,933,"Naclstack"," ","Rock"," ",355,60,60,100,35,65,35,9
"1305","Ninetales",1.01291,38,"Ninetales"," ","Fire"," ",505,73,76,75,81,100,100,1
"1306","Ninetales-Alola",8.17229666666667,38,"Ninetales","Alolan Ninetales","Ice","Fairy",505,73,67,75,81,100,109,7
"1307","Noctowl",0.0938566666666667,164,"Noctowl"," ","Normal","Flying",452,100,50,50,86,96,70,2
"1308","Noibat",0.000446153846153846,714,"Noibat"," ","Flying","Dragon",245,40,30,35,45,40,55,6
"1309","Noivern",0.596660769230769,715,"Noivern"," ","Flying","Dragon",535,85,70,80,97,80,123,6
"1310","Nosepass",0.00558333333333333,299,"Nosepass"," ","Rock"," ",375,30,45,135,45,90,30,3
"1311","Numel",0.00477230769230769,322,"Numel"," ","Fire","Ground",305,60,60,40,65,45,35,3
"1312","Nuzleaf",0.000626666666666667,274,"Nuzleaf"," ","Grass","Dark",340,70,70,40,60,40,60,3
"1313","Nymble",0.00127230769230769,919,"Nymble"," ","Bug"," ",210,33,46,40,21,25,45,9
"1314","Ogerpon",1.94878,1017,"Ogerpon","","Grass","",550,80,120,84,60,96,110,9
"1315","Ogerpon-Cornerstone",4.17444333333333,1017,"Ogerpon","Cornerstone","Grass","Rock",550,80,120,84,60,96,110,9
"1316","Ogerpon-Hearthflame",9.56158,1017,"Ogerpon","Hearthflame","Grass","Fire",550,80,120,84,60,96,110,9
"1317","Ogerpon-Wellspring",13.82795,1017,"Ogerpon","Wellspring","Grass","Water",550,80,120,84,60,96,110,9
"1318","Oinkologne",0.03285,916,"Oinkologne","Male","Normal"," ",489,110,100,75,59,80,65,9
"1319","Oinkologne-F",0.0151484615384615,29,"Nidoran","Female","Poison"," ",275,55,47,52,40,40,41,1
"1320","Okidogi",1.72248,1014,"Okidogi","","Poison","Fighting",555,88,128,115,58,86,80,9
"1321","Oranguru",0.0194723076923077,765,"Oranguru"," ","Normal","Psychic",490,90,60,80,90,110,60,7
"1322","Oricorio",0.0591884615384615,741,"Oricorio","Baile Style","Fire","Flying",476,75,70,70,98,70,93,7
"1323","Oricorio-Pa'u",0.0108084615384615,741,"Oricorio","Pa'u Style","Psychic","Flying",476,75,70,70,98,70,93,7
"1324","Oricorio-Pom-Pom",0.132737692307692,741,"Oricorio","Pom-Pom Style","Electric","Flying",476,75,70,70,98,70,93,7
"1325","Oricorio-Sensu",0.0737007692307692,741,"Oricorio","Sensu Style","Ghost","Flying",476,75,70,70,98,70,93,7
"1326","Orthworm",2.88328384615385,968,"Orthworm"," ","Steel"," ",480,70,85,145,60,55,65,9
"1327","Oshawott",0.0016225,501,"Oshawott"," ","Water"," ",308,55,55,45,63,45,45,5
"1328","Overqwil",0.955678571428571,904,"Overqwil"," ","Dark","Poison",510,85,115,95,65,65,85,8
"1329","Pachirisu",0.0327938461538462,417,"Pachirisu"," ","Electric"," ",405,60,45,70,45,90,95,4
"1330","Palafin",17.34723,964,"Palafin","Zero Form","Water"," ",457,100,70,72,53,62,100,9
"1331","Palossand",0.10719,770,"Palossand"," ","Ghost","Ground",480,85,75,110,100,75,35,7
"1332","Passimian",0.0336446153846154,766,"Passimian"," ","Fighting"," ",490,100,120,90,40,60,80,7
"1333","Pawmi",0.00123,921,"Pawmi"," ","Electric"," ",240,45,50,20,40,25,60,9
"1334","Pawmo",0.00193153846153846,922,"Pawmo"," ","Electric","Fighting",350,60,75,40,50,40,85,9
"1335","Pawmot",1.98474846153846,923,"Pawmot"," ","Electric","Fighting",490,70,115,70,70,60,105,9
"1336","Pawniard",0.00513538461538462,624,"Pawniard"," ","Dark","Steel",340,45,85,70,40,40,60,5
"1337","Pelipper",4.72254153846154,279,"Pelipper"," ","Water","Flying",440,60,50,100,95,70,65,3
"1338","Perrserker",0.0389607692307692,863,"Perrserker"," ","Steel"," ",440,70,110,100,50,60,50,8
"1339","Persian",0.0452830769230769,53,"Persian"," ","Normal"," ",440,65,70,60,65,65,115,1
"1340","Persian-Alola",0.0820614285714286,53,"Persian","Alolan Persian","Dark"," ",440,65,60,60,75,65,115,7
"1341","Petilil",0.000555384615384615,548,"Petilil"," ","Grass"," ",280,45,35,50,70,50,30,5
"1342","Phanpy",0.00632384615384615,231,"Phanpy"," ","Ground"," ",330,90,60,60,40,40,40,2
"1343","Phantump",0.00118666666666667,708,"Phantump"," ","Ghost","Grass",309,43,70,48,50,60,38,6
"1344","Phione",0.0189466666666667,489,"Phione"," ","Water"," ",480,80,80,80,80,80,80,4
"1345","Pichu",0.00416153846153846,172,"Pichu"," ","Electric"," ",205,20,40,15,35,35,60,2
"1346","Pikachu",0.191290769230769,25,"Pikachu"," ","Electric"," ",320,35,55,40,50,50,90,1
"1347","Piloswine",0.0267566666666667,221,"Piloswine"," ","Ice","Ground",450,100,100,80,60,60,50,2
"1348","Pincurchin",0.876531538461538,871,"Pincurchin"," ","Electric"," ",435,48,101,95,91,85,15,8
"1349","Pineco",0.0114684615384615,204,"Pineco"," ","Bug"," ",290,50,65,90,35,35,15,2
"1350","Piplup",0.00065,393,"Piplup"," ","Water"," ",314,53,51,53,61,56,40,4
"1351","Politoed",0.557716666666667,186,"Politoed"," ","Water"," ",500,90,75,75,90,100,70,2
"1352","Poliwag",0.00107333333333333,60,"Poliwag"," ","Water"," ",300,40,50,40,40,40,90,1
"1353","Poliwhirl",0.00297,61,"Poliwhirl"," ","Water"," ",385,65,65,65,50,50,90,1
"1354","Poliwrath",0.370696666666667,62,"Poliwrath"," ","Water","Fighting",510,90,95,95,70,90,70,1
"1355","Poltchageist",0.00178,1012,"Poltchageist","","Grass","Ghost",308,40,45,45,74,54,50,9
"1356","Polteageist",1.40743384615385,855,"Polteageist"," ","Ghost"," ",508,60,65,65,134,114,70,8
"1357","Poochyena",0.00038,261,"Poochyena"," ","Dark"," ",220,35,55,35,30,30,35,3
"1358","Primeape",0.180756153846154,57,"Primeape"," ","Fighting"," ",455,65,105,60,60,70,95,1
"1359","Prinplup",0.00151333333333333,394,"Prinplup"," ","Water"," ",405,64,66,68,81,76,50,4
"1360","Probopass",0.110566666666667,476,"Probopass"," ","Rock","Steel",525,60,55,145,75,150,40,4
"1361","Psyduck",0.00406692307692308,54,"Psyduck"," ","Water"," ",320,50,52,48,65,50,55,1
"1362","Pupitar",0.00180846153846154,247,"Pupitar"," ","Rock","Ground",410,70,84,70,65,70,51,2
"1363","Pyroar",0.0639192307692308,668,"Pyroar"," ","Fire","Normal",507,86,68,72,109,66,106,6
"1364","Quagsire",0.699735384615385,195,"Quagsire"," ","Water","Ground",430,95,85,85,65,65,35,2
"1365","Quaquaval",5.19881,914,"Quaquaval"," ","Water","Fighting",530,85,120,80,85,75,85,9
"1366","Quaxly",0.00309153846153846,912,"Quaxly"," ","Water"," ",310,55,65,45,50,45,50,9
"1367","Quaxwell",0.00502769230769231,913,"Quaxwell"," ","Water"," ",410,70,85,65,65,60,65,9
"1368","Quilava",0.00081875,156,"Quilava"," ","Fire"," ",405,58,64,58,80,65,80,2
"1369","Quilladin",0.00170428571428571,651,"Quilladin"," ","Grass"," ",405,61,78,95,56,58,57,6
"1370","Qwilfish",0.0595530769230769,211,"Qwilfish"," ","Water","Poison",440,65,95,85,55,55,85,2
"1371","Qwilfish-Hisui",0.0714157142857143,58,"Growlithe","Hisuian Growlithe","Fire","Rock",350,60,75,45,65,50,55,8
"1372","Raboot",0.00379727272727273,814,"Raboot"," ","Fire"," ",420,65,86,60,55,60,94,8
"1373","Rabsca",0.328527692307692,954,"Rabsca"," ","Bug","Psychic",470,75,50,85,115,100,45,9
"1374","Raichu",0.104010769230769,26,"Raichu"," ","Electric"," ",485,60,90,55,90,80,110,1
"1375","Raichu-Alola",0.1572,26,"Raichu","Alolan Raichu","Electric","Psychic",485,60,85,50,95,85,110,7
"1376","Ralts",0.00363307692307692,280,"Ralts"," ","Psychic","Fairy",198,28,25,25,45,35,40,3
"1377","Regidrago",0.755795714285714,895,"Regidrago"," ","Dragon"," ",580,200,100,50,100,50,80,8
"1378","Regieleki",4.53096,894,"Regieleki"," ","Electric"," ",580,80,100,50,100,50,200,8
"1379","Rellor",0.00149153846153846,953,"Rellor"," ","Bug"," ",270,41,50,60,31,58,30,9
"1380","Revavroom",0.383156153846154,966,"Revavroom"," ","Steel","Poison",500,80,119,90,54,67,90,9
"1381","Ribombee",8.21131333333333,743,"Ribombee"," ","Bug","Fairy",464,60,55,60,95,70,124,7
"1382","Rillaboom",5.28324285714286,812,"Rillaboom"," ","Grass"," ",530,100,125,90,60,70,85,8
"1383","Riolu",0.0121707692307692,447,"Riolu"," ","Fighting"," ",285,40,70,40,35,40,60,4
"1384","Roaring Moon",11.3818916666667,1005,"Roaring Moon"," ","Dragon","Dark",590,105,139,71,55,101,119,9
"1385","Rockruff",0.00193769230769231,744,"Rockruff"," ","Rock"," ",280,45,65,40,30,40,60,7
"1386","Rolycoly",0.00261153846153846,837,"Rolycoly"," ","Rock"," ",240,30,40,50,40,50,30,8
"1387","Rookidee",0.000631538461538462,821,"Rookidee"," ","Flying"," ",245,38,47,35,33,35,57,8
"1388","Rotom",0.0247,479,"Rotom"," ","Electric","Ghost",440,50,50,77,95,77,91,4
"1389","Rotom-Fan",0.0304846153846154,479,"Rotom","Fan Rotom","Electric","Flying",520,50,65,107,105,107,86,4
"1390","Rotom-Frost",0.0769815384615385,479,"Rotom","Frost Rotom","Electric","Ice",520,50,65,107,105,107,86,4
"1391","Rotom-Heat",0.513780769230769,479,"Rotom","Heat Rotom","Electric","Fire",520,50,65,107,105,107,86,4
"1392","Rotom-Mow",0.193328461538462,479,"Rotom","Mow Rotom","Electric","Grass",520,50,65,107,105,107,86,4
"1393","Rotom-Wash",9.90382307692308,479,"Rotom","Wash Rotom","Electric","Water",520,50,65,107,105,107,86,4
"1394","Rowlet",0.00364666666666667,722,"Rowlet"," ","Grass","Flying",320,68,55,55,50,50,42,7
"1395","Rufflet",0.00372076923076923,627,"Rufflet"," ","Normal","Flying",350,70,83,50,37,50,60,5
"1396","Sableye",0.360147692307692,302,"Sableye"," ","Dark","Ghost",380,50,75,75,65,65,50,3
"1397","Salamence",0.903823846153846,373,"Salamence"," ","Dragon","Flying",600,95,135,80,110,80,100,3
"1398","Salandit",0.00183461538461538,757,"Salandit"," ","Poison","Fire",320,48,44,40,71,40,77,7
"1399","Salazzle",0.489154615384615,758,"Salazzle"," ","Poison","Fire",480,68,64,60,111,60,117,7
"1400","Samurott",0.163238888888889,503,"Samurott"," ","Water"," ",528,95,100,85,108,70,70,5
"1401","Samurott-Hisui",13.1672285714286,58,"Growlithe","Hisuian Growlithe","Fire","Rock",350,60,75,45,65,50,55,8
"1402","Sandaconda",0.0917776923076923,844,"Sandaconda"," ","Ground"," ",510,72,107,125,65,70,71,8
"1403","Sandile",0.000841538461538461,551,"Sandile"," ","Ground","Dark",292,50,72,35,35,35,65,5
"1404","Sandshrew",0.00190666666666667,27,"Sandshrew"," ","Ground"," ",300,50,75,85,20,30,40,1
"1405","Sandshrew-Alola",7e-04,27,"Sandshrew","Alolan Sandshrew","Ice","Steel",300,50,75,90,10,35,40,7
"1406","Sandslash",0.116796666666667,28,"Sandslash"," ","Ground"," ",450,75,100,110,45,55,65,1
"1407","Sandslash-Alola",0.49101,28,"Sandslash","Alolan Sandslash","Ice","Steel",450,75,100,120,25,65,65,7
"1408","Sandy Shocks",3.11897923076923,989,"Sandy Shocks"," ","Electric","Ground",570,85,81,97,121,85,101,9
"1409","Sandygast",0.000769230769230769,769,"Sandygast"," ","Ghost","Ground",320,55,55,80,70,45,15,7
"1410","Sawsbuck",0.0963307692307692,586,"Sawsbuck"," ","Normal","Grass",475,80,100,70,60,70,95,5
"1411","Scatterbug",0.00045,664,"Scatterbug"," ","Bug"," ",200,38,35,40,27,25,35,6
"1412","Scizor",4.78280846153846,212,"Scizor"," ","Bug","Steel",500,70,130,100,55,80,65,2
"1413","Scorbunny",0.000953636363636364,813,"Scorbunny"," ","Fire"," ",310,50,71,40,40,40,69,8
"1414","Scovillain",0.862471538461538,952,"Scovillain"," ","Grass","Fire",486,65,108,65,108,65,75,9
"1415","Scream Tail",1.74228153846154,985,"Scream Tail"," ","Fairy","Psychic",570,115,65,99,65,115,111,9
"1416","Scyther",0.139496153846154,123,"Scyther"," ","Bug","Flying",500,70,110,80,55,80,105,1
"1417","Seedot",0.00264,273,"Seedot"," ","Grass"," ",220,40,40,50,30,30,30,3
"1418","Sentret",0.00055,161,"Sentret"," ","Normal"," ",215,35,46,34,35,45,20,2
"1419","Seviper",0.03334,336,"Seviper"," ","Poison"," ",458,73,100,60,100,60,65,3
"1420","Sewaddle",0.00106333333333333,540,"Sewaddle"," ","Bug","Grass",310,45,53,70,40,60,42,5
"1421","Shaymin",0.167206666666667,492,"Shaymin","Land Forme","Grass"," ",600,100,100,100,100,100,100,4
"1422","Shelgon",0.00505461538461538,372,"Shelgon"," ","Dragon"," ",420,65,95,100,60,50,50,3
"1423","Shellder",0.00148384615384615,90,"Shellder"," ","Water"," ",305,30,65,100,45,25,40,1
"1424","Shellos",0.00165461538461538,422,"Shellos"," ","Water"," ",325,76,48,48,57,62,34,4
"1425","Shiftry",0.825386666666667,275,"Shiftry"," ","Grass","Dark",480,90,100,60,90,60,80,3
"1426","Shinx",0.000518461538461538,403,"Shinx"," ","Electric"," ",263,45,65,34,40,34,45,4
"1427","Shroodle",0.00344,944,"Shroodle"," ","Poison","Normal",290,40,65,35,40,35,75,9
"1428","Shroomish",0.00374076923076923,285,"Shroomish"," ","Grass"," ",295,60,40,60,40,60,35,3
"1429","Shuppet",0.000539230769230769,353,"Shuppet"," ","Ghost"," ",295,44,75,35,63,33,45,3
"1430","Silicobra",0.000439230769230769,843,"Silicobra"," ","Ground"," ",315,52,57,75,35,50,46,8
"1431","Sinistcha",2.20466666666667,1013,"Sinistcha","","Grass","Ghost",508,71,60,106,121,80,70,9
"1432","Sinistea",0.00263,854,"Sinistea"," ","Ghost"," ",308,40,45,45,74,54,50,8
"1433","Skeledirge",8.17735615384615,911,"Skeledirge"," ","Fire","Ghost",530,104,75,100,110,75,66,9
"1434","Skiddo",0.000401666666666667,672,"Skiddo"," ","Grass"," ",350,66,65,48,62,57,52,6
"1435","Skiploom",0.00137692307692308,188,"Skiploom"," ","Grass","Flying",340,55,45,50,45,65,80,2
"1436","Skrelp",0.000520769230769231,690,"Skrelp"," ","Poison","Water",320,50,60,60,60,60,30,6
"1437","Skuntank",0.0465615384615385,435,"Skuntank"," ","Poison","Dark",479,103,93,67,71,61,84,4
"1438","Skwovet",0.000269166666666667,819,"Skwovet"," ","Normal"," ",275,70,55,55,35,35,25,8
"1439","Slaking",0.144885384615385,289,"Slaking"," ","Normal"," ",670,150,160,100,95,65,100,3
"1440","Slakoth",0.000333333333333333,287,"Slakoth"," ","Normal"," ",280,60,60,60,35,35,30,3
"1441","Sliggoo",0.00433,705,"Sliggoo"," ","Dragon"," ",452,68,75,53,83,113,60,6
"1442","Sliggoo-Hisui",0.0133042857142857,58,"Growlithe","Hisuian Growlithe","Fire","Rock",350,60,75,45,65,50,55,8
"1443","Slither Wing",1.34997923076923,988,"Slither Wing"," ","Bug","Fighting",570,85,135,79,85,105,81,9
"1444","Slowbro",0.582923846153846,80,"Slowbro"," ","Water","Psychic",490,95,75,110,100,80,30,1
"1445","Slowbro-Galar",0.665755714285714,80,"Slowbro","Galarian Slowbro","Poison","Psychic",490,95,100,95,100,70,30,8
"1446","Slowking",2.90765076923077,199,"Slowking"," ","Water","Psychic",490,95,75,80,100,110,30,2
"1447","Slowking-Galar",10.2596114285714,199,"Slowking","Galarian Slowking","Poison","Psychic",490,95,65,80,110,110,30,8
"1448","Slowpoke",0.00188153846153846,79,"Slowpoke"," ","Water","Psychic",315,90,65,65,40,40,15,1
"1449","Slowpoke-Galar",0.000355714285714286,79,"Slowpoke","Galarian Slowpoke","Psychic"," ",315,90,65,65,40,40,15,8
"1450","Slugma",0.00134666666666667,218,"Slugma"," ","Fire"," ",250,40,40,40,70,40,20,2
"1451","Smoliv",0.00105846153846154,928,"Smoliv"," ","Grass","Normal",260,41,35,45,58,51,30,9
"1452","Sneasel",0.00525923076923077,215,"Sneasel"," ","Dark","Ice",430,55,95,55,35,75,115,2
"1453","Sneasel-Hisui",0.00837714285714286,58,"Growlithe","Hisuian Growlithe","Fire","Rock",350,60,75,45,65,50,55,8
"1454","Sneasler",9.99607857142857,903,"Sneasler"," ","Fighting","Poison",510,80,130,60,40,80,120,8
"1455","Snom",0.00264307692307692,872,"Snom"," ","Ice","Bug",185,30,25,35,45,30,20,8
"1456","Snorlax",0.632526666666667,143,"Snorlax"," ","Normal"," ",540,160,110,65,65,110,30,1
"1457","Snorunt",0.000360833333333333,361,"Snorunt"," ","Ice"," ",300,50,50,50,50,50,50,3
"1458","Snover",0.00196307692307692,459,"Snover"," ","Grass","Ice",334,60,62,50,62,60,40,4
"1459","Sobble",0.000391428571428571,816,"Sobble"," ","Water"," ",310,50,40,40,70,40,70,8
"1460","Spewpa",0.000373076923076923,665,"Spewpa"," ","Bug"," ",213,45,22,60,27,30,29,6
"1461","Spidops",0.577741538461539,918,"Spidops"," ","Bug"," ",404,60,79,92,52,86,35,9
"1462","Spinarak",0.000883333333333333,167,"Spinarak"," ","Bug","Poison",250,40,60,40,40,40,30,2
"1463","Spiritomb",0.162544615384615,442,"Spiritomb"," ","Ghost","Dark",485,50,92,108,92,108,35,4
"1464","Spoink",0.000691538461538462,325,"Spoink"," ","Psychic"," ",330,60,25,35,70,80,60,3
"1465","Sprigatito",0.00236307692307692,906,"Sprigatito"," ","Grass"," ",310,40,61,54,45,45,65,9
"1466","Squawkabilly",0.110813846153846,931,"Squawkabilly","Green Plumage","Normal","Flying",417,82,96,51,45,51,92,9
"1467","Stantler",0.00994692307692308,234,"Stantler"," ","Normal"," ",465,73,95,62,85,65,85,2
"1468","Staraptor",0.598578461538462,398,"Staraptor"," ","Normal","Flying",485,85,120,70,50,60,100,4
"1469","Staravia",0.00250307692307692,397,"Staravia"," ","Normal","Flying",340,55,75,50,40,40,80,4
"1470","Starly",0.0164330769230769,396,"Starly"," ","Normal","Flying",245,40,55,30,30,30,60,4
"1471","Steenee",0.000361538461538462,762,"Steenee"," ","Grass"," ",290,52,40,48,40,48,62,7
"1472","Stonjourner",0.0193,874,"Stonjourner"," ","Rock"," ",470,100,125,135,20,20,70,8
"1473","Stunky",0.00195846153846154,434,"Stunky"," ","Poison","Dark",329,63,63,47,41,41,74,4
"1474","Sudowoodo",0.0348830769230769,185,"Sudowoodo"," ","Rock"," ",410,70,100,115,30,65,30,2
"1475","Sunflora",0.0245646153846154,192,"Sunflora"," ","Grass"," ",425,75,75,55,105,85,30,2
"1476","Sunkern",0.00357461538461538,191,"Sunkern"," ","Grass"," ",180,30,30,30,30,30,30,2
"1477","Surskit",0.00826846153846154,283,"Surskit"," ","Bug","Water",269,40,30,32,50,52,65,3
"1478","Swablu",0.000829230769230769,333,"Swablu"," ","Normal","Flying",310,45,40,60,40,75,50,3
"1479","Swadloon",0.0045,541,"Swadloon"," ","Bug","Grass",380,55,63,90,50,80,42,5
"1480","Swalot",0.0327830769230769,317,"Swalot"," ","Poison"," ",467,100,73,83,73,83,55,3
"1481","Swanna",0.04192,581,"Swanna"," ","Water","Flying",473,75,87,63,87,63,98,5
"1482","Swinub",0.000276666666666667,220,"Swinub"," ","Ice","Ground",250,50,50,40,30,30,50,2
"1483","Sylveon",0.796402307692308,700,"Sylveon"," ","Fairy"," ",525,95,65,65,110,130,60,6
"1484","Tadbulb",0.000539230769230769,938,"Tadbulb"," ","Electric"," ",272,61,31,41,59,35,45,9
"1485","Talonflame",1.14609538461538,663,"Talonflame"," ","Fire","Flying",499,78,81,71,74,69,126,6
"1486","Tandemaus",0.00271153846153846,924,"Tandemaus"," ","Normal"," ",305,50,50,45,40,45,75,9
"1487","Tarountula",0.00565538461538462,917,"Tarountula"," ","Bug"," ",210,35,41,45,29,40,20,9
"1488","Tatsugiri",0.312528461538462,978,"Tatsugiri","Curly Form","Dragon","Water",475,68,50,60,120,95,82,9
"1489","Tauros",0.09729,128,"Tauros"," ","Normal"," ",490,75,100,95,40,70,110,1
"1076","Tauros-Paldea",0.047515,128,"Tauros","Combat Breed","Fighting"," ",490,75,110,105,30,70,100,9
"1078","Tauros-Paldea-Aqua",0.645963636363636,128,"Tauros","Aqua Breed","Fighting","Water",490,75,110,105,30,70,100,9
"1077","Tauros-Paldea-Blaze",0.521962727272727,128,"Tauros","Blaze Breed","Fighting","Fire",490,75,110,105,30,70,100,9
"10761","Tauros-Paldea-Combat",0.0196345454545455,128,"Tauros","Combat Breed","Fighting"," ",490,75,110,105,30,70,100,9
"10771","Tauros-Paldea-Fire",1.214725,128,"Tauros","Blaze Breed","Fighting","Fire",490,75,110,105,30,70,100,9
"10781","Tauros-Paldea-Water",1.080415,128,"Tauros","Aqua Breed","Fighting","Water",490,75,110,105,30,70,100,9
"1490","Teddiursa",0.00126846153846154,216,"Teddiursa"," ","Normal"," ",330,60,80,50,50,50,40,2
"1491","Thundurus",0.47827,642,"Thundurus","Incarnate Forme","Electric","Flying",580,79,115,70,125,80,111,5
"1492","Thundurus-Therian",2.72791,641,"Tornadus","Therian Forme","Flying"," ",580,79,100,80,110,90,121,5
"1493","Thwackey",0.00550857142857143,811,"Thwackey"," ","Grass"," ",420,70,85,70,55,60,80,8
"1494","Timburr",0.000353333333333333,532,"Timburr"," ","Fighting"," ",305,75,80,55,25,35,35,5
"11871","Ting-Lu",7.44157307692308,1003,"Ting-Lu"," ","Dark","Ground",570,155,110,125,55,80,45,9
"1495","Tinkatink",0.000711538461538462,957,"Tinkatink"," ","Fairy","Steel",297,50,45,45,35,64,58,9
"1496","Tinkaton",1.66033846153846,959,"Tinkaton"," ","Fairy","Steel",506,85,75,77,70,105,94,9
"1497","Tinkatuff",0.00483538461538462,958,"Tinkatuff"," ","Fairy","Steel",380,65,55,55,45,82,78,9
"1498","Toedscool",0.00648384615384615,948,"Toedscool"," ","Ground","Grass",335,40,40,35,50,100,70,9
"1499","Toedscruel",1.26047230769231,949,"Toedscruel"," ","Ground","Grass",515,80,70,65,80,120,100,9
"1500","Torkoal",7.53536076923077,324,"Torkoal"," ","Fire"," ",470,70,85,140,85,70,20,3
"1501","Tornadus",0.153177142857143,641,"Tornadus","Incarnate Forme","Flying"," ",580,79,115,70,125,80,111,5
"1502","Tornadus-Therian",1.41548,641,"Tornadus","Therian Forme","Flying"," ",580,79,100,80,110,90,121,5
"1503","Torterra",3.17367,389,"Torterra"," ","Grass","Ground",525,95,109,105,75,85,56,4
"1504","Toxapex",6.43997692307692,748,"Toxapex"," ","Poison","Water",495,50,63,152,53,142,35,7
"1505","Toxel",0.000823846153846154,848,"Toxel"," ","Electric","Poison",242,40,38,35,54,35,40,8
"1506","Toxicroak",0.169010769230769,454,"Toxicroak"," ","Poison","Fighting",490,83,106,65,86,65,85,4
"1507","Toxtricity",0.553655384615385,849,"Toxtricity","Amped Form","Electric","Poison",502,75,98,70,114,70,75,8
"1508","Trevenant",0.242086666666667,709,"Trevenant"," ","Ghost","Grass",474,85,110,76,65,82,56,6
"1509","Tropius",0.118598461538462,357,"Tropius"," ","Grass","Flying",460,99,68,83,72,87,51,3
"1510","Tsareena",0.301753076923077,763,"Tsareena"," ","Grass"," ",510,72,120,98,50,98,72,7
"1511","Turtwig",0.00105666666666667,387,"Turtwig"," ","Grass"," ",318,55,68,64,45,55,31,4
"1512","Tynamo",0.00043,602,"Tynamo"," ","Electric"," ",275,35,55,40,45,40,60,5
"1513","Typhlosion",0.791735,157,"Typhlosion"," ","Fire"," ",534,78,84,78,109,85,100,2
"1514","Typhlosion-Hisui",1.06804857142857,58,"Growlithe","Hisuian Growlithe","Fire","Rock",350,60,75,45,65,50,55,8
"1515","Tyranitar",2.07552615384615,248,"Tyranitar"," ","Rock","Dark",600,100,134,110,95,100,61,2
"1516","Umbreon",0.527307692307692,197,"Umbreon"," ","Dark"," ",525,95,65,110,60,130,65,2
"1517","Ursaluna",4.60315428571429,901,"Ursaluna"," ","Ground","Normal",550,130,140,105,45,80,50,8
"1518","Ursaluna-Bloodmoon",8.54069,901,"Ursaluna"," ","Ground","Normal",550,130,140,105,45,80,50,8
"1519","Ursaring",0.141844615384615,217,"Ursaring"," ","Normal"," ",500,90,130,75,75,75,55,2
"1520","Urshifu-Rapid-Strike",4.92554,892,"Urshifu","Rapid Strike Style","Fighting","Water",550,100,130,100,63,60,97,8
"1521","Uxie",0.269565714285714,480,"Uxie"," ","Psychic"," ",580,75,75,130,75,130,95,4
"1522","Vaporeon",0.380341538461538,134,"Vaporeon"," ","Water"," ",525,130,65,60,110,95,65,1
"1523","Varoom",0.000992307692307692,965,"Varoom"," ","Steel","Poison",300,45,70,63,30,45,47,9
"1524","Veluza",0.424957692307692,976,"Veluza"," ","Water","Psychic",478,90,102,73,78,65,70,9
"1525","Venomoth",0.111103076923077,49,"Venomoth"," ","Bug","Poison",450,70,65,60,90,75,90,1
"1526","Venonat",0.00162692307692308,48,"Venonat"," ","Bug","Poison",305,60,55,50,40,55,45,1
"1527","Vespiquen",0.0449515384615385,416,"Vespiquen"," ","Bug","Flying",474,70,80,102,80,102,40,4
"1528","Victreebel",0.229703333333333,71,"Victreebel"," ","Grass","Poison",490,80,105,65,100,70,70,1
"1529","Vigoroth",0.0209930769230769,288,"Vigoroth"," ","Normal"," ",440,80,80,80,55,55,90,3
"1530","Vikavolt",0.693596666666667,738,"Vikavolt"," ","Bug","Electric",500,77,70,90,145,75,43,7
"1531","Vivillon",0.146996923076923,666,"Vivillon"," ","Bug","Flying",411,80,52,50,90,50,89,6
"1532","Volbeat",0.11371,313,"Volbeat"," ","Bug"," ",430,65,73,75,47,85,85,3
"1533","Volcanion",2.30707714285714,721,"Volcanion"," ","Fire","Water",600,80,110,120,130,90,70,6
"1534","Volcarona",9.322405,637,"Volcarona"," ","Bug","Fire",550,85,60,65,135,105,100,5
"1535","Voltorb",0.00626230769230769,100,"Voltorb"," ","Electric"," ",330,40,30,50,55,55,100,1
"1536","Voltorb-Hisui",0.00502857142857143,58,"Growlithe","Hisuian Growlithe","Fire","Rock",350,60,75,45,65,50,55,8
"1537","Vullaby",0.00229666666666667,629,"Vullaby"," ","Dark","Flying",370,70,55,75,45,65,60,5
"1538","Vulpix",0.00445666666666667,37,"Vulpix"," ","Fire"," ",299,38,41,40,50,65,65,1
"1539","Vulpix-Alola",0.00408666666666667,37,"Vulpix","Alolan Vulpix","Ice"," ",299,38,41,40,50,65,65,7
"1540","Walking Wake",11.605617,1009,"Walking Wake"," ","Water","Dragon",590,99,83,91,125,83,109,9
"1541","Wattrel",0.00727230769230769,940,"Wattrel"," ","Electric","Flying",280,40,40,35,55,40,70,9
"1542","Weavile",0.919883076923077,461,"Weavile"," ","Dark","Ice",510,70,120,65,45,85,125,4
"1543","Weepinbell",0.00100666666666667,70,"Weepinbell"," ","Grass","Poison",390,65,90,50,85,45,55,1
"1544","Weezing",0.127553333333333,110,"Weezing"," ","Poison"," ",490,65,90,120,85,70,60,1
"1545","Weezing-Galar",2.20438666666667,110,"Weezing","Galarian Weezing","Poison","Fairy",490,65,90,120,85,70,60,8
"1546","Whiscash",0.0380592307692308,340,"Whiscash"," ","Water","Ground",468,110,78,73,76,71,60,3
"1547","Wigglytuff",0.0534569230769231,40,"Wigglytuff"," ","Normal","Fairy",435,140,70,45,85,50,45,1
"1548","Wiglett",0.00254846153846154,960,"Wiglett"," ","Water"," ",245,10,55,25,35,25,95,9
"1549","Wingull",0.00187692307692308,278,"Wingull"," ","Water","Flying",270,40,30,30,55,30,85,3
"11851","Wo-Chien",0.828156923076923,1001,"Wo-Chien"," ","Dark","Grass",570,85,85,100,95,135,70,9
"1550","Wooper",0.00773461538461538,194,"Wooper"," ","Water","Ground",210,55,45,45,25,25,15,2
"1551","Wooper-Paldea",0.00683307692307692,194,"Wooper","Paldean Wooper","Poison","Ground",210,55,45,45,25,25,15,9
"1552","Wugtrio",0.0832776923076923,961,"Wugtrio"," ","Water"," ",425,35,100,50,50,70,120,9
"1553","Wyrdeer",0.113642857142857,899,"Wyrdeer"," ","Normal","Psychic",525,103,105,72,105,75,65,8
"1554","Yanma",0.00235666666666667,193,"Yanma"," ","Bug","Flying",390,65,65,45,75,45,95,2
"1555","Yanmega",0.777883333333333,469,"Yanmega"," ","Bug","Flying",515,86,76,86,116,56,95,4
"1556","Yungoos",0.00124923076923077,734,"Yungoos"," ","Normal"," ",253,48,70,30,30,30,45,7
"1557","Zamazenta",6.12705571428571,889,"Zamazenta","Hero of Many Battles","Fighting"," ",660,92,120,115,80,115,138,8
"1558","Zamazenta-Crowned",2.21754,888,"Zacian","Crowned Sword","Fairy","Steel",700,92,150,115,80,115,148,8
"1559","Zangoose",0.133787692307692,335,"Zangoose"," ","Normal"," ",458,73,115,60,60,60,90,3
"1560","Zapdos",10.4819828571429,145,"Zapdos"," ","Electric","Flying",580,90,90,85,125,90,100,1
"1561","Zapdos-Galar",0.743521428571429,145,"Zapdos","Galarian Zapdos","Fighting","Flying",580,90,125,90,85,90,100,8
"1562","Zarude",0.230018571428571,893,"Zarude"," ","Dark","Grass",600,105,120,105,70,95,105,8
"1563","Zoroark",0.274055384615385,571,"Zoroark"," ","Dark"," ",510,60,105,60,120,60,105,5
"1564","Zoroark-Hisui",4.578867,58,"Growlithe","Hisuian Growlithe","Fire","Rock",350,60,75,45,65,50,55,8
"1565","Zorua",0.00316384615384615,570,"Zorua"," ","Dark"," ",330,40,65,40,80,40,65,5
"1566","Zorua-Hisui",0.006921,58,"Growlithe","Hisuian Growlithe","Fire","Rock",350,60,75,45,65,50,55,8
"1567","Zweilous",0.00308153846153846,634,"Zweilous"," ","Dark","Dragon",420,72,85,70,65,70,58,5
